FT305/OUT.CV,FT302/OUT.CV,FT305/AI2/OUT.CV,PT312/OUT.CV,FT102/OUT.CV,FT104/OUT.CV,FT102/AI3/OUT.CV,FT102/AI2/OUT.CV,PT417/OUT.CV,PT408/OUT.CV,PT403/OUT.CV,FT404/OUT.CV,FT406/OUT.CV,PT501/OUT.CV,PIC501/PID1/OUT.CV,LI502/OUT.CV,LI503/OUT.CV,LVC502-SR/PID1/OUT.CV,LI101/OUT.CV,FIC302/PID1/OUT.CV,FIC302/PID1/SP.CV,FIC302/PID1/PV.CV,FIC301/PID1/OUT.CV,FIC301/PID1/SP.CV,FIC301/PID1/PV.CV,FIC102/PID1/OUT.CV,FIC102/PID1/SP.CV,FIC102/PID1/PV.CV,FIC101/PID1/OUT.CV,FIC101/PID1/SP.CV,FIC101/PID1/PV.CV,class
153.9225006,11.25605965,16.06609917,0.679953814,-0.002380142,0.526465714,25.38582993,996.4254761,1.113280058,0.938207388,0.972211719,1.622751951,0.172469407,0.950013101,25.98908997,62.27841949,98.50588989,8.782187462,1.441393971,91.70677185,150,154.4423065,0,100.0009995,11.25605965,0,0,-0.002380142,28.69141006,0.5,0.526465714,1
152.3728027,9.380045891,16.06609917,0.667575479,-0.002282744,0.525475323,25.38582993,996.4257202,1.10977304,0.932882726,0.966427982,1.077703953,0.155929193,0.943451881,25.77737045,62.31578064,98.4989624,8.836680412,1.441449046,91.78872681,150,153.1381073,0,100.0009995,9.380045891,0,0,-0.002282744,28.67845917,0.5,0.525475323,1
151.6383972,7.816705227,16.06609917,0.653165698,-0.002185345,0.524484873,25.38582993,996.4257813,1.109591007,0.927557886,0.960644186,1.077703953,0.139388993,0.93840909,25.56565094,62.35313034,98.49202728,8.89117527,1.441504002,91.87068176,150,151.8338928,0,100.0009995,7.816705227,0,0,-0.002185345,28.66551018,0.5,0.524484873,1
151.3094025,6.51391983,15.76644039,0.642013729,-0.002087946,0.523494601,25.38582993,996.4259033,1.107614994,0.92294842,0.954860628,0.715726614,0.122848801,0.933366418,25.35393906,62.39048004,98.48512268,8.945669174,1.441558957,91.95263672,150,151.5502014,0,100.0009995,6.51391983,0,0,-0.002087946,28.66216087,0.5,0.523494601,1
151.1425018,10.79656029,15.76644039,0.637682021,-0.001990548,0.52250433,25.54294014,996.4260254,1.105638981,0.918338895,0.949076891,0.715726614,0.106308602,0.928323686,25.14221954,62.42784119,98.47818756,9.000164032,1.441612959,91.95139313,150,151.2664948,0,100.0009995,10.79656029,0,0,-0.001990548,28.65880966,0.5,0.52250433,1
