FT305/OUT.CV,FT302/OUT.CV,FT305/AI2/OUT.CV,PT312/OUT.CV,FT102/OUT.CV,FT104/OUT.CV,FT102/AI3/OUT.CV,FT102/AI2/OUT.CV,PT417/OUT.CV,PT408/OUT.CV,PT403/OUT.CV,FT404/OUT.CV,FT406/OUT.CV,PT501/OUT.CV,PIC501/PID1/OUT.CV,LI502/OUT.CV,LI503/OUT.CV,LVC502-SR/PID1/OUT.CV,LI101/OUT.CV,FIC302/PID1/OUT.CV,FIC302/PID1/SP.CV,FIC302/PID1/PV.CV,FIC301/PID1/OUT.CV,FIC301/PID1/SP.CV,FIC301/PID1/PV.CV,FIC102/PID1/OUT.CV,FIC102/PID1/SP.CV,FIC102/PID1/PV.CV,FIC101/PID1/OUT.CV,FIC101/PID1/SP.CV,FIC101/PID1/PV.CV,class
149.0825958,22.16286087,16.74151039,3.592168093,-0.000314837,0.437989086,25.63722038,996.0360718,2.672010899,2.125391006,1.116029024,29.70376968,2.693159103,1.018357038,1.840564966,68.40071106,98.35344696,14.07641983,1.399556994,92.20282745,150,148.9060974,0,100.0009995,22.16286087,0,0,-0.000314837,29.90942001,0.5,0.437989086,2
149.2351074,18.46904945,16.74151039,3.439871073,-8.02E-05,0.448355496,25.63722038,996.0374146,2.560842991,1.981145978,1.124039054,29.70376968,2.586332083,1.033619046,2.247663021,70.4404068,98.37156677,16.74906921,1.398746014,92.19206238,150,149.2541962,0,100.0009995,18.46904945,0,0,-8.02E-05,29.86680984,0.5,0.448355496,2
149.6499939,31.25004959,16.74151039,3.275630951,0.000154489,0.458721906,25.63722038,996.0386963,2.278245926,2.080568075,1.122668028,38.7883606,1.945955038,1.046690941,2.654761076,70.58822632,98.42372131,19.86912918,1.397935987,92.18128967,150,149.4163055,0,100.0009995,31.25004959,0,0.001730082,0.000154489,29.82419014,0.5,0.458721906,2
149.9933014,37.45222092,16.74151039,3.12253499,0.000389151,0.469088286,25.35440063,996.039978,2.181380987,1.789692998,1.132346988,38.7883606,1.78382802,1.059764028,3.061858892,71.62774658,98.47588348,21.15620041,1.399556994,92.17051697,150,149.7501068,0,100.0009995,37.45222092,0,0.003171583,0.000389151,29.78157997,0.5,0.469088286,2
150.0744019,43.2910881,16.86935043,2.993566036,0.000623814,0.479454786,25.35440063,996.0413208,2.00149107,1.706959963,1.142025948,43.78656006,1.962141037,1.072836041,3.468955994,72.14990234,98.5280304,23.41716003,1.399556994,92.15975952,150,150.0838928,0,100.0009995,43.2910881,0,0,0.000623814,29.73896027,0.5,0.479454786,2
